,precision,recall,f1-score,support,roc_auc,auprc
0,0.9948437608410658,1.0,0.9974152165396852,272431.0,0.9815190986239134,0.972625357471983
1,1.0,0.9664942337810261,0.9829616758374361,42142.0,0.9815190986239134,0.972625357471983
accuracy,0.995511375737905,0.995511375737905,0.995511375737905,0.995511375737905,0.9815190986239134,0.972625357471983
macro avg,0.9974218804205329,0.983247116890513,0.9901884461885606,314573.0,0.9815190986239134,0.972625357471983
weighted avg,0.995534520158095,0.995511375737905,0.9954789374811704,314573.0,0.9815190986239134,0.972625357471983
